,x,top,a,bottom,z
0,-5,0.0492188790391002,0.0204998086694783,-0.0074434754240304,0
2,0,0.0396133687200757,0.009083172865331,-0.0209301741056451,0
4,5,0.0400733826928463,0.019141310670498,-0.0023334629388162,0
6,10,0.0211783395383241,-0.004694471317349,-0.0305676925333904,0
8,15,0.0325301384042932,0.0087273904260874,-0.0148174460606943,0
10,20,0.0169746079263157,-0.0055350945316402,-0.0283035292017567,0
12,25,0.0676537030406677,0.0391931597030222,0.0117673400338342,0
14,30,-0.0506193363857305,-0.0891706411778163,-0.1277215356095339,0
