,Sector,share
0,Buildings,8.305896176
1,Food,0.708421486
2,Industry,15.98818272
3,Transport,56.46675026
4,Other,18.53074936
