,country,year,value
0,Taiwan,2020,0.0311
1,Taiwan,2021,0.0588
2,Taiwan,2022,0.0369
3,Australia,2020,-0.024
4,Australia,2021,0.035
5,Australia,2022,0.040999999999999995
6,New Zeland,2020,-0.021
7,New Zeland,2021,0.051
8,New Zeland,2022,0.033
9,Japan,2020,-0.046
10,Japan,2021,0.024
11,Japan,2022,0.032
12,South Korea,2020,-0.009000000000000001
13,South Korea,2021,0.043
14,South Korea,2022,0.033
